"artist:ke-ta,{{artist:rei(sanbonzakura)}},[artist:ririko_(fhnngririko)],[[artist:koyama_hirokazu]],{artist:misheng_liu_yin},year 2023,1girl, upper body, (open hand, waving, waving arms), hand, fingers, solo, looking at viewer, hair flower, best quality, amazing quality, very aesthetic, absurdres, best quality, amazing quality, very aesthetic, absurdres"
"[artist:momoco],{{artist:meion}},{{artist:misheng_liu_yin}},[artist:sho_(sho_lwlw)],year 2023,1girl, upper body, (open hand, waving, waving arms), hand, fingers, solo, looking at viewer, hair flower, best quality, amazing quality, very aesthetic, absurdres, best quality, amazing quality, very aesthetic, absurdres"
"artist:chiaroscuro,{{artist:onineko}},{{{artist:potg(piotegu)}}},[artist:meito_(maze)],artist:siera_(sieracitrus),year 2023,1girl, upper body, (open hand, waving, waving arms), hand, fingers, solo, looking at viewer, hair flower, best quality, amazing quality, very aesthetic, absurdres, best quality, amazing quality, very aesthetic, absurdres"
"{{artist:momoco}},{artist:dokuro_deluxe},{{{{artist:maccha_(mochancc)}}}},{{{artist:tidsean}}},year 2023,1girl, upper body, (open hand, waving, waving arms), hand, fingers, solo, looking at viewer, hair flower, best quality, amazing quality, very aesthetic, absurdres, best quality, amazing quality, very aesthetic, absurdres"
"artist:gawako,artist:hiten,artist:sencha_(senchat),artist:meion,{{{artist:fujiyama}}},year 2023,1girl, upper body, (open hand, waving, waving arms), hand, fingers, solo, looking at viewer, hair flower, best quality, amazing quality, very aesthetic, absurdres, best quality, amazing quality, very aesthetic, absurdres"
"{artist:ebifuya},[artist:liduk],[artist:fuzichocomomoco],artist:tianliang_duohe_fangdongye,{{artist:kousaki_rui}},year 2023,1girl, upper body, (open hand, waving, waving arms), hand, fingers, solo, looking at viewer, hair flower, best quality, amazing quality, very aesthetic, absurdres, best quality, amazing quality, very aesthetic, absurdres"
"artist:shiratama_(shiratamaco),artist:wlop,[artist:asakuraf],[artist:chen_bin],year 2023,1girl, upper body, (open hand, waving, waving arms), hand, fingers, solo, looking at viewer, hair flower, best quality, amazing quality, very aesthetic, absurdres, best quality, amazing quality, very aesthetic, absurdres"
"{artist:ciloranko},{artist:nixeu},[[artist:rei_(sanbonzakura)]],[[[artist:shiratama_(shiratamaco)]]],year 2023,1girl, upper body, (open hand, waving, waving arms), hand, fingers, solo, looking at viewer, hair flower, best quality, amazing quality, very aesthetic, absurdres, best quality, amazing quality, very aesthetic, absurdres"
"{artist:potg(piotegu)},[artist:gomzi],artist:hiten,[artist:fuzichocomomoco],{artist:chen_bin},{artist:berryverrine},year 2023,1girl, upper body, (open hand, waving, waving arms), hand, fingers, solo, looking at viewer, hair flower, best quality, amazing quality, very aesthetic, absurdres, best quality, amazing quality, very aesthetic, absurdres"
"artist:fuzichocomomoco,{{{{artist:anmi}}}},{artist:momoko_(momopoco)},[artist:mafuyu],year 2023,1girl, upper body, (open hand, waving, waving arms), hand, fingers, solo, looking at viewer, hair flower, best quality, amazing quality, very aesthetic, absurdres, best quality, amazing quality, very aesthetic, absurdres"
"{artist:binggong_asylum},{{{artist:neco}}},{{artist:kawacy}},[[[[artist:cui_(jidanhaidaitang)]]]],year 2023,1girl, upper body, (open hand, waving, waving arms), hand, fingers, solo, looking at viewer, hair flower, best quality, amazing quality, very aesthetic, absurdres, best quality, amazing quality, very aesthetic, absurdres"
"{{{artist:tandohark}}},[[artist:fishine]],[[artist:shiratama_(shiratamaco)]],{artist:ame_usari},{{artist:tidsean}},[[artist:misaka_12003-gou]],year 2023,1girl, upper body, (open hand, waving, waving arms), hand, fingers, solo, looking at viewer, hair flower, best quality, amazing quality, very aesthetic, absurdres, best quality, amazing quality, very aesthetic, absurdres"
"{{{artist:cool-kyou_shinja}}},{artist:poharo},[[artist:hagimorijia]],{artist:tandohark},year 2023,1girl, upper body, (open hand, waving, waving arms), hand, fingers, solo, looking at viewer, hair flower, best quality, amazing quality, very aesthetic, absurdres, best quality, amazing quality, very aesthetic, absurdres"
"artist:fishine,{{{artist:gawako}}},[artist:aono_(f_i_s)],{{artist:nekoda_(maoda)}},[[artist:anmi]],year 2023,1girl, upper body, (open hand, waving, waving arms), hand, fingers, solo, looking at viewer, hair flower, best quality, amazing quality, very aesthetic, absurdres, best quality, amazing quality, very aesthetic, absurdres"
"{artist:nixeu},artist:shimhaq,artist:ningen_mame,[[[artist:mignon]]],year 2023,1girl, upper body, (open hand, waving, waving arms), hand, fingers, solo, looking at viewer, hair flower, best quality, amazing quality, very aesthetic, absurdres, best quality, amazing quality, very aesthetic, absurdres"
"artist:kousaki_rui,{artist:mikozin},artist:colis,artist:siera_(sieracitrus),artist:binggong_asylum,year 2023,1girl, upper body, (open hand, waving, waving arms), hand, fingers, solo, looking at viewer, hair flower, best quality, amazing quality, very aesthetic, absurdres, best quality, amazing quality, very aesthetic, absurdres"
"[artist:kedama_milk],artist:hagimorijia,[artist:potg(piotegu)],artist:ke-ta,{artist:typehatena},{{{artist:misaka_12003-gou}}},year 2023,1girl, upper body, (open hand, waving, waving arms), hand, fingers, solo, looking at viewer, hair flower, best quality, amazing quality, very aesthetic, absurdres, best quality, amazing quality, very aesthetic, absurdres"
"artist:liduk,{{{artist:tekito_midori}}},{{{artist:namie}}},artist:mairo,[[artist:hiten]],{artist:torino_aqua},year 2023,1girl, upper body, (open hand, waving, waving arms), hand, fingers, solo, looking at viewer, hair flower, best quality, amazing quality, very aesthetic, absurdres, best quality, amazing quality, very aesthetic, absurdres"
"{{{artist:asakuraf}}},artist:reoen,{{artist:hiten}},{{artist:binggong_asylum}},{{{artist:toake_mikage}}},year 2023,1girl, upper body, (open hand, waving, waving arms), hand, fingers, solo, looking at viewer, hair flower, best quality, amazing quality, very aesthetic, absurdres, best quality, amazing quality, very aesthetic, absurdres"
"[[[[artist:tab_head]]]],[[artist:rolua]],artist:saru,[[[artist:aak]]],{{artist:maccha_(mochancc)}},year 2023,1girl, upper body, (open hand, waving, waving arms), hand, fingers, solo, looking at viewer, hair flower, best quality, amazing quality, very aesthetic, absurdres, best quality, amazing quality, very aesthetic, absurdres"
"artist:meion,[artist:shimhaq],{{{artist:misaka_12003-gou}}},{{artist:konya_karasue}},[artist:mika_pikazo],year 2023,1girl, upper body, (open hand, waving, waving arms), hand, fingers, solo, looking at viewer, hair flower, best quality, amazing quality, very aesthetic, absurdres, best quality, amazing quality, very aesthetic, absurdres"
"[[artist:freng]],{{artist:nardack}},{artist:fuzichoco},[[[artist:cofffee]]],artist:cool-kyou_shinja,year 2023,1girl, upper body, (open hand, waving, waving arms), hand, fingers, solo, looking at viewer, hair flower, best quality, amazing quality, very aesthetic, absurdres, best quality, amazing quality, very aesthetic, absurdres"
"{{{artist:konya_karasue}}},{{{artist:reddizen}}},[[artist:beni_shake]],{{{artist:tekito_midori}}},{artist:berryverrine},year 2023,1girl, upper body, (open hand, waving, waving arms), hand, fingers, solo, looking at viewer, hair flower, best quality, amazing quality, very aesthetic, absurdres, best quality, amazing quality, very aesthetic, absurdres"
"{artist:kase_daiki},[[[[artist:mignon]]]],[[[artist:atdan]]],[[[artist:freng]]],{{{artist:momoko_(momopoco)}}},[[artist:noyu_(noyu23386566)]],year 2023,1girl, upper body, (open hand, waving, waving arms), hand, fingers, solo, looking at viewer, hair flower, best quality, amazing quality, very aesthetic, absurdres, best quality, amazing quality, very aesthetic, absurdres"
"artist:meion,{artist:gawako},{{{artist:kousaki_rui}}},[[[artist:mvv]]],artist:torino_aqua,{{{artist:mandrill}}},year 2023,1girl, upper body, (open hand, waving, waving arms), hand, fingers, solo, looking at viewer, hair flower, best quality, amazing quality, very aesthetic, absurdres, best quality, amazing quality, very aesthetic, absurdres"
"{{{artist:huanxiang_heitu}}},{{{{artist:omone_hokoma_agm}}}},artist:ask(askzy),artist:colis,[artist:tidsean],[[[artist:ciloranko]]],year 2023,1girl, upper body, (open hand, waving, waving arms), hand, fingers, solo, looking at viewer, hair flower, best quality, amazing quality, very aesthetic, absurdres, best quality, amazing quality, very aesthetic, absurdres"
"[[artist:colis]],{artist:mignon},{{artist:hiten}},[artist:hagimorijia],year 2023,1girl, upper body, (open hand, waving, waving arms), hand, fingers, solo, looking at viewer, hair flower, best quality, amazing quality, very aesthetic, absurdres, best quality, amazing quality, very aesthetic, absurdres"
"{artist:ke-ta},[[[artist:aono_(f_i_s)]]],[[[[artist:koyama_hirokazu]]]],{{artist:chen_bin}},year 2023,1girl, upper body, (open hand, waving, waving arms), hand, fingers, solo, looking at viewer, hair flower, best quality, amazing quality, very aesthetic, absurdres, best quality, amazing quality, very aesthetic, absurdres"
"[[[artist:ririko_(fhnngririko)]]],{artist:40hara},{{artist:siera_(sieracitrus)}},{artist:rei_(sanbonzakura)},{{artist:shiro9jira}},{{{artist:binggong_asylum}}},year 2023,1girl, upper body, (open hand, waving, waving arms), hand, fingers, solo, looking at viewer, hair flower, best quality, amazing quality, very aesthetic, absurdres, best quality, amazing quality, very aesthetic, absurdres"
"[[artist:wanke]],{{{artist:huanxiang_heitu}}},[[artist:mvv]],[[[artist:muloli]]],{artist:cui_(jidanhaidaitang)},[[[artist:fuzichocomomoco]]],year 2023,1girl, upper body, (open hand, waving, waving arms), hand, fingers, solo, looking at viewer, hair flower, best quality, amazing quality, very aesthetic, absurdres, best quality, amazing quality, very aesthetic, absurdres"
"artist:tab_head,{{artist:momoko_(momopoco)}},{{artist:gomzi}},[[[artist:sakurazawa_izumi]]],[[artist:shiro9jira]],[artist:meion],year 2023,1girl, upper body, (open hand, waving, waving arms), hand, fingers, solo, looking at viewer, hair flower, best quality, amazing quality, very aesthetic, absurdres, best quality, amazing quality, very aesthetic, absurdres"
"{{artist:berryverrine}},{{{artist:kousaki_rui}}},{artist:kawacy},artist:rella,year 2023,1girl, upper body, (open hand, waving, waving arms), hand, fingers, solo, looking at viewer, hair flower, best quality, amazing quality, very aesthetic, absurdres, best quality, amazing quality, very aesthetic, absurdres"
"[artist:asakuraf],[artist:siera_(sieracitrus)],{artist:toake_mikage},[artist:dishwasher1910],{{artist:reddizen}},{{{{artist:mignon}}}},year 2023,1girl, upper body, (open hand, waving, waving arms), hand, fingers, solo, looking at viewer, hair flower, best quality, amazing quality, very aesthetic, absurdres, best quality, amazing quality, very aesthetic, absurdres"
"[[artist:huanxiang_heitu]],{artist:ningen_mame},{artist:ogata_tei},{artist:mafuyu},[[artist:fuzichocomomoco]],{artist:rella},year 2023,1girl, upper body, (open hand, waving, waving arms), hand, fingers, solo, looking at viewer, hair flower, best quality, amazing quality, very aesthetic, absurdres, best quality, amazing quality, very aesthetic, absurdres"
"{{artist:mvv}},[[[artist:dokuro_deluxe]]],{artist:berryverrine},{{artist:liduk}},artist:cofffee,[artist:maccha_(mochancc)],year 2023,1girl, upper body, (open hand, waving, waving arms), hand, fingers, solo, looking at viewer, hair flower, best quality, amazing quality, very aesthetic, absurdres, best quality, amazing quality, very aesthetic, absurdres"
"{{{artist:ke-ta}}},[[[artist:tab_head]]],{artist:reddizen},{{artist:misaka_12003-gou}},[[artist:wanke]],year 2023,1girl, upper body, (open hand, waving, waving arms), hand, fingers, solo, looking at viewer, hair flower, best quality, amazing quality, very aesthetic, absurdres, best quality, amazing quality, very aesthetic, absurdres"
"{{artist:cui_(jidanhaidaitang)}},{{artist:reoen}},{artist:mvv},artist:dishwasher1910,year 2023,1girl, upper body, (open hand, waving, waving arms), hand, fingers, solo, looking at viewer, hair flower, best quality, amazing quality, very aesthetic, absurdres, best quality, amazing quality, very aesthetic, absurdres"
"{artist:misheng_liu_yin},[artist:reddizen],[artist:ame_usari],[[[artist:hiten]]],year 2023,1girl, upper body, (open hand, waving, waving arms), hand, fingers, solo, looking at viewer, hair flower, best quality, amazing quality, very aesthetic, absurdres, best quality, amazing quality, very aesthetic, absurdres"
"[artist:neco],{{artist:freng}},[artist:asakuraf],{artist:torino_aqua},{artist:reddizen},year 2023,1girl, upper body, (open hand, waving, waving arms), hand, fingers, solo, looking at viewer, hair flower, best quality, amazing quality, very aesthetic, absurdres, best quality, amazing quality, very aesthetic, absurdres"
"{artist:colis},[[artist:liduke]],{artist:cool-kyou_shinja},artist:omone_hokoma_agm,artist:j.c.14,[[artist:ogata_tei]],year 2023,1girl, upper body, (open hand, waving, waving arms), hand, fingers, solo, looking at viewer, hair flower, best quality, amazing quality, very aesthetic, absurdres, best quality, amazing quality, very aesthetic, absurdres"
"[[artist:wanke]],{{artist:ask(askzy)}},[[artist:chen_bin]],artist:poharo,year 2023,1girl, upper body, (open hand, waving, waving arms), hand, fingers, solo, looking at viewer, hair flower, best quality, amazing quality, very aesthetic, absurdres, best quality, amazing quality, very aesthetic, absurdres"
"[[artist:kousaki_rui]],{{{artist:ru_zhai}}},{artist:v-mag},{{artist:fujiyama}},year 2023,1girl, upper body, (open hand, waving, waving arms), hand, fingers, solo, looking at viewer, hair flower, best quality, amazing quality, very aesthetic, absurdres, best quality, amazing quality, very aesthetic, absurdres"
"[[artist:mvv]],[[[artist:gawako]]],{{artist:noyu_(noyu23386566)}},artist:cool-kyou_shinja,[[[[artist:kedama_milk]]]],year 2023,1girl, upper body, (open hand, waving, waving arms), hand, fingers, solo, looking at viewer, hair flower, best quality, amazing quality, very aesthetic, absurdres, best quality, amazing quality, very aesthetic, absurdres"
"{artist:mecha},artist:dk_senie,{{artist:momoko_(momopoco)}},{{artist:misaka_12003-gou}},year 2023,1girl, upper body, (open hand, waving, waving arms), hand, fingers, solo, looking at viewer, hair flower, best quality, amazing quality, very aesthetic, absurdres, best quality, amazing quality, very aesthetic, absurdres"
"{artist:mvv},{{artist:olchas}},[[artist:v-mag]],artist:nekoda_(maoda),artist:wanke,year 2023,1girl, upper body, (open hand, waving, waving arms), hand, fingers, solo, looking at viewer, hair flower, best quality, amazing quality, very aesthetic, absurdres, best quality, amazing quality, very aesthetic, absurdres"
"[artist:wlop],{{{artist:onineko}}},{{{{artist:hiten}}}},{{artist:reoen}},artist:mery_(yangmalgage),year 2023,1girl, upper body, (open hand, waving, waving arms), hand, fingers, solo, looking at viewer, hair flower, best quality, amazing quality, very aesthetic, absurdres, best quality, amazing quality, very aesthetic, absurdres"
"[[[artist:ningen_mame]]],[[artist:kurot]],[artist:tekito_midori],{artist:gomzi},[artist:feral_lemma],artist:olchas,year 2023,1girl, upper body, (open hand, waving, waving arms), hand, fingers, solo, looking at viewer, hair flower, best quality, amazing quality, very aesthetic, absurdres, best quality, amazing quality, very aesthetic, absurdres"
"{{artist:wlop}},artist:kedama_milk,artist:momoko_(momopoco),{artist:neco},year 2023,1girl, upper body, (open hand, waving, waving arms), hand, fingers, solo, looking at viewer, hair flower, best quality, amazing quality, very aesthetic, absurdres, best quality, amazing quality, very aesthetic, absurdres"
"artist:tianliang_duohe_fangdongye,[artist:reddizen],{{artist:shiratama_(shiratamaco)}},[artist:dokuro_deluxe],artist:shiro9jira,[[[[artist:chen_bin]]]],year 2023,1girl, upper body, (open hand, waving, waving arms), hand, fingers, solo, looking at viewer, hair flower, best quality, amazing quality, very aesthetic, absurdres, best quality, amazing quality, very aesthetic, absurdres"
"[[artist:mafuyu]],artist:omone_hokoma_agm,{artist:dishwasher1910},artist:tidsean,year 2023,1girl, upper body, (open hand, waving, waving arms), hand, fingers, solo, looking at viewer, hair flower, best quality, amazing quality, very aesthetic, absurdres, best quality, amazing quality, very aesthetic, absurdres"
"{{{{artist:reddizen}}}},[[[artist:as109]]],[[artist:fuzichoco]],{{{artist:nardack}}},[[[[artist:fishine]]]],[[artist:aono_(f_i_s)]],year 2023,1girl, upper body, (open hand, waving, waving arms), hand, fingers, solo, looking at viewer, hair flower, best quality, amazing quality, very aesthetic, absurdres, best quality, amazing quality, very aesthetic, absurdres"
"[artist:ame_usari],[[[artist:dk_senie]]],[[[[artist:mignon]]]],[artist:rolua],[[artist:tab_head]],year 2023,1girl, upper body, (open hand, waving, waving arms), hand, fingers, solo, looking at viewer, hair flower, best quality, amazing quality, very aesthetic, absurdres, best quality, amazing quality, very aesthetic, absurdres"
"{{artist:momoco}},[[[artist:ebifuya]]],[artist:siera_(sieracitrus)],[artist:rei_(sanbonzakura)],artist:kurot,[[[[artist:tianliang_duohe_fangdongye]]]],year 2023,1girl, upper body, (open hand, waving, waving arms), hand, fingers, solo, looking at viewer, hair flower, best quality, amazing quality, very aesthetic, absurdres, best quality, amazing quality, very aesthetic, absurdres"
"{artist:tianliang_duohe_fangdongye},{{{artist:dk_senie}}},[[[artist:tab_head]]],{artist:cool-kyou_shinja},artist:maccha_(mochancc),{{artist:wanke}},year 2023,1girl, upper body, (open hand, waving, waving arms), hand, fingers, solo, looking at viewer, hair flower, best quality, amazing quality, very aesthetic, absurdres, best quality, amazing quality, very aesthetic, absurdres"
"[artist:fuzichocomomoco],[artist:atdan],{{artist:shimhaq}},{artist:chen_bin},[[artist:mandrill]],[[artist:hiten_(hitenkei)]],year 2023,1girl, upper body, (open hand, waving, waving arms), hand, fingers, solo, looking at viewer, hair flower, best quality, amazing quality, very aesthetic, absurdres, best quality, amazing quality, very aesthetic, absurdres"
"artist:kawacy,[artist:misheng_liu_yin],{{artist:momozu_komamochi}},[artist:sakurazawa_izumi],year 2023,1girl, upper body, (open hand, waving, waving arms), hand, fingers, solo, looking at viewer, hair flower, best quality, amazing quality, very aesthetic, absurdres, best quality, amazing quality, very aesthetic, absurdres"
"[artist:rei_(sanbonzakura)],[[artist:nababa]],{{{artist:maccha_(mochancc)}}},[artist:ke-ta],[[[artist:potg(piotegu)]]],year 2023,1girl, upper body, (open hand, waving, waving arms), hand, fingers, solo, looking at viewer, hair flower, best quality, amazing quality, very aesthetic, absurdres, best quality, amazing quality, very aesthetic, absurdres"
"artist:mery_(yangmalgage),{{{artist:shiratama_(shiratamaco)}}},[artist:wanke],[[[artist:fkey]]],artist:hiten,artist:,year 2023,1girl, upper body, (open hand, waving, waving arms), hand, fingers, solo, looking at viewer, hair flower, best quality, amazing quality, very aesthetic, absurdres, best quality, amazing quality, very aesthetic, absurdres"
"artist:meion,[artist:olchas],[artist:mika_pikazo],artist:anmi,year 2023,1girl, upper body, (open hand, waving, waving arms), hand, fingers, solo, looking at viewer, hair flower, best quality, amazing quality, very aesthetic, absurdres, best quality, amazing quality, very aesthetic, absurdres"
"[artist:gomzi],{artist:tekito_midori},[[artist:rei_(sanbonzakura)]],artist:meito_(maze),[[artist:nekoda_(maoda)]],[artist:ask(askzy)],year 2023,1girl, upper body, (open hand, waving, waving arms), hand, fingers, solo, looking at viewer, hair flower, best quality, amazing quality, very aesthetic, absurdres, best quality, amazing quality, very aesthetic, absurdres"
"{{artist:fishine}},[[[artist:momoco]]],{artist:liduk},{{{artist:reddizen}}},year 2023,1girl, upper body, (open hand, waving, waving arms), hand, fingers, solo, looking at viewer, hair flower, best quality, amazing quality, very aesthetic, absurdres, best quality, amazing quality, very aesthetic, absurdres"
"{{{artist:tandohark}}},artist:asakuraf,{{artist:shimhaq}},{artist:atdan},year 2023,1girl, upper body, (open hand, waving, waving arms), hand, fingers, solo, looking at viewer, hair flower, best quality, amazing quality, very aesthetic, absurdres, best quality, amazing quality, very aesthetic, absurdres"
"artist:meion,artist:tandohark,{{artist:rei_(sanbonzakura)}},{artist:shiro9jira},year 2023,1girl, upper body, (open hand, waving, waving arms), hand, fingers, solo, looking at viewer, hair flower, best quality, amazing quality, very aesthetic, absurdres, best quality, amazing quality, very aesthetic, absurdres"
"[[[[artist:fkey]]]],artist:colis,[[[artist:binggong_asylum]]],{artist:mafuyu},year 2023,1girl, upper body, (open hand, waving, waving arms), hand, fingers, solo, looking at viewer, hair flower, best quality, amazing quality, very aesthetic, absurdres, best quality, amazing quality, very aesthetic, absurdres"
"artist:tandohark,[[artist:beni_shake]],[[artist:wlop]],[artist:rei(sanbonzakura)],{{artist:ame_usari}},year 2023,1girl, upper body, (open hand, waving, waving arms), hand, fingers, solo, looking at viewer, hair flower, best quality, amazing quality, very aesthetic, absurdres, best quality, amazing quality, very aesthetic, absurdres"
"{artist:misaka_12003-gou},[[artist:wanke]],{{artist:konya_karasue}},[artist:poharo],year 2023,1girl, upper body, (open hand, waving, waving arms), hand, fingers, solo, looking at viewer, hair flower, best quality, amazing quality, very aesthetic, absurdres, best quality, amazing quality, very aesthetic, absurdres"
"artist:liduke,artist:kurot,[[artist:atdan]],[artist:momozu_komamochi],{{{artist:cofffee}}},[artist:huanxiang_heitu],year 2023,1girl, upper body, (open hand, waving, waving arms), hand, fingers, solo, looking at viewer, hair flower, best quality, amazing quality, very aesthetic, absurdres, best quality, amazing quality, very aesthetic, absurdres"
"[[artist:momozu_komamochi]],artist:misaka_12003-gou,{{{artist:huanxiang_heitu}}},{{artist:maccha_(mochancc)}},artist:mignon,year 2023,1girl, upper body, (open hand, waving, waving arms), hand, fingers, solo, looking at viewer, hair flower, best quality, amazing quality, very aesthetic, absurdres, best quality, amazing quality, very aesthetic, absurdres"
"{artist:shimhaq},artist:rei(sanbonzakura),artist:shiro9jira,{artist:ruriri},[[artist:poharo]],{artist:maccha_(mochancc)},year 2023,1girl, upper body, (open hand, waving, waving arms), hand, fingers, solo, looking at viewer, hair flower, best quality, amazing quality, very aesthetic, absurdres, best quality, amazing quality, very aesthetic, absurdres"
"[artist:nardack],{artist:kawacy},[[artist:tandohark]],{artist:hiten},[[artist:namie]],[[[artist:feral_lemma]]],year 2023,1girl, upper body, (open hand, waving, waving arms), hand, fingers, solo, looking at viewer, hair flower, best quality, amazing quality, very aesthetic, absurdres, best quality, amazing quality, very aesthetic, absurdres"
"{{{{artist:kurot}}}},{{artist:fujiyama}},{artist:hiten_(hitenkei)},[[artist:ruriri]],[[[artist:beni_shake]]],year 2023,1girl, upper body, (open hand, waving, waving arms), hand, fingers, solo, looking at viewer, hair flower, best quality, amazing quality, very aesthetic, absurdres, best quality, amazing quality, very aesthetic, absurdres"
"[[[artist:mignon]]],{{artist:misheng_liu_yin}},{{{{artist:houkisei}}}},[[artist:tekito_midori]],artist:noyu_(noyu23386566),year 2023,1girl, upper body, (open hand, waving, waving arms), hand, fingers, solo, looking at viewer, hair flower, best quality, amazing quality, very aesthetic, absurdres, best quality, amazing quality, very aesthetic, absurdres"
"[[artist:noyu_(noyu23386566)]],[artist:potg(piotegu)],{{artist:toake_mikage}},[[artist:meion]],[artist:momoko_(momopoco)],year 2023,1girl, upper body, (open hand, waving, waving arms), hand, fingers, solo, looking at viewer, hair flower, best quality, amazing quality, very aesthetic, absurdres, best quality, amazing quality, very aesthetic, absurdres"
"[artist:wanke],{{artist:chen_bin}},{artist:nixeu},{artist:meito_(maze)},[[artist:j.c.14]],{artist:omone_hokoma_agm},year 2023,1girl, upper body, (open hand, waving, waving arms), hand, fingers, solo, looking at viewer, hair flower, best quality, amazing quality, very aesthetic, absurdres, best quality, amazing quality, very aesthetic, absurdres"
"[artist:meito_(maze)],{{artist:houkisei}},artist:,{{{artist:freng}}},year 2023,1girl, upper body, (open hand, waving, waving arms), hand, fingers, solo, looking at viewer, hair flower, best quality, amazing quality, very aesthetic, absurdres, best quality, amazing quality, very aesthetic, absurdres"
"{{artist:aono_(f_i_s)}},artist:fuzichocomomoco,[[[[artist:mikozin]]]],[[artist:nekoda_(maoda)]],[artist:namie],[[artist:nababa]],year 2023,1girl, upper body, (open hand, waving, waving arms), hand, fingers, solo, looking at viewer, hair flower, best quality, amazing quality, very aesthetic, absurdres, best quality, amazing quality, very aesthetic, absurdres"
"artist:asakuraf,artist:fuzichoco,{artist:dishwasher1910},[artist:ningen_mame],year 2023,1girl, upper body, (open hand, waving, waving arms), hand, fingers, solo, looking at viewer, hair flower, best quality, amazing quality, very aesthetic, absurdres, best quality, amazing quality, very aesthetic, absurdres"
"[[[artist:usashiro_mani]]],[artist:konya_karasue],{{{artist:potg(piotegu)}}},[[artist:reoen]],{{{artist:siera_(sieracitrus)}}},year 2023,1girl, upper body, (open hand, waving, waving arms), hand, fingers, solo, looking at viewer, hair flower, best quality, amazing quality, very aesthetic, absurdres, best quality, amazing quality, very aesthetic, absurdres"
"{{artist:mvv}},{{{{artist:momozu_komamochi}}}},{artist:koyama_hirokazu},artist:noyu_(noyu23386566),year 2023,1girl, upper body, (open hand, waving, waving arms), hand, fingers, solo, looking at viewer, hair flower, best quality, amazing quality, very aesthetic, absurdres, best quality, amazing quality, very aesthetic, absurdres"
"[[artist:liduk]],artist:wlop,{{artist:tidsean}},[[artist:mecha]],[[artist:sakurazawa_izumi]],year 2023,1girl, upper body, (open hand, waving, waving arms), hand, fingers, solo, looking at viewer, hair flower, best quality, amazing quality, very aesthetic, absurdres, best quality, amazing quality, very aesthetic, absurdres"
"{{{artist:ru_zhai}}},[[artist:ciloranko]],{{artist:nixeu}},{artist:omone_hokoma_agm},{{artist:fuzichocomomoco}},{artist:chen_bin},year 2023,1girl, upper body, (open hand, waving, waving arms), hand, fingers, solo, looking at viewer, hair flower, best quality, amazing quality, very aesthetic, absurdres, best quality, amazing quality, very aesthetic, absurdres"
"{{artist:olchas}},artist:v-mag,[[artist:atdan]],artist:poharo,year 2023,1girl, upper body, (open hand, waving, waving arms), hand, fingers, solo, looking at viewer, hair flower, best quality, amazing quality, very aesthetic, absurdres, best quality, amazing quality, very aesthetic, absurdres"
"artist:gomzi,artist:mery_(yangmalgage),artist:sakurazawa_izumi,{{{artist:void_0}}},{{artist:maccha_(mochancc)}},[artist:konya_karasue],year 2023,1girl, upper body, (open hand, waving, waving arms), hand, fingers, solo, looking at viewer, hair flower, best quality, amazing quality, very aesthetic, absurdres, best quality, amazing quality, very aesthetic, absurdres"
"{artist:rolua},{{artist:omone_hokoma_agm}},{{{artist:houkisei}}},[[artist:mairo]],{artist:wlop},artist:reoen,year 2023,1girl, upper body, (open hand, waving, waving arms), hand, fingers, solo, looking at viewer, hair flower, best quality, amazing quality, very aesthetic, absurdres, best quality, amazing quality, very aesthetic, absurdres"
"[[[[artist:meito_(maze)]]]],[artist:tab_head],{{artist:fuzichocomomoco}},artist:liduke,year 2023,1girl, upper body, (open hand, waving, waving arms), hand, fingers, solo, looking at viewer, hair flower, best quality, amazing quality, very aesthetic, absurdres, best quality, amazing quality, very aesthetic, absurdres"
"artist:namie,{{artist:gomzi}},[artist:kedama_milkask_(askzy)],[[artist:reddizen]],artist:mafuyu,{{artist:dokuro_deluxe}},year 2023,1girl, upper body, (open hand, waving, waving arms), hand, fingers, solo, looking at viewer, hair flower, best quality, amazing quality, very aesthetic, absurdres, best quality, amazing quality, very aesthetic, absurdres"
"{artist:chiaroscuro},{{artist:muloli}},[[artist:wanke]],[artist:usashiro_mani],{artist:aak},[[[[artist:shiratama_(shiratamaco)]]]],year 2023,1girl, upper body, (open hand, waving, waving arms), hand, fingers, solo, looking at viewer, hair flower, best quality, amazing quality, very aesthetic, absurdres, best quality, amazing quality, very aesthetic, absurdres"
"{{artist:maccha_(mochancc)}},artist:dishwasher1910,artist:chiaroscuro,artist:kedama_milk,year 2023,1girl, upper body, (open hand, waving, waving arms), hand, fingers, solo, looking at viewer, hair flower, best quality, amazing quality, very aesthetic, absurdres, best quality, amazing quality, very aesthetic, absurdres"
"[artist:kedama_milk],{{{artist:namie}}},{{{artist:wlop}}},{artist:cool-kyou_shinja},{{artist:omone_hokoma_agm}},year 2023,1girl, upper body, (open hand, waving, waving arms), hand, fingers, solo, looking at viewer, hair flower, best quality, amazing quality, very aesthetic, absurdres, best quality, amazing quality, very aesthetic, absurdres"
"[[artist:sencha_(senchat)]],[[artist:tandohark]],artist:siera_(sieracitrus),artist:void_0,year 2023,1girl, upper body, (open hand, waving, waving arms), hand, fingers, solo, looking at viewer, hair flower, best quality, amazing quality, very aesthetic, absurdres, best quality, amazing quality, very aesthetic, absurdres"
"{artist:gomzi},{artist:nixeu},[[[artist:mafuyu]]],{artist:cofffee},{artist:colis},artist:chen_bin,year 2023,1girl, upper body, (open hand, waving, waving arms), hand, fingers, solo, looking at viewer, hair flower, best quality, amazing quality, very aesthetic, absurdres, best quality, amazing quality, very aesthetic, absurdres"
"{{{artist:omone_hokoma_agm}}},{artist:kedama_milkask_(askzy)},artist:7010,artist:mandrill,{{artist:potg(piotegu)}},year 2023,1girl, upper body, (open hand, waving, waving arms), hand, fingers, solo, looking at viewer, hair flower, best quality, amazing quality, very aesthetic, absurdres, best quality, amazing quality, very aesthetic, absurdres"
"[artist:anmi],[artist:colis],[artist:sencha_(senchat)],[artist:ogata_tei],{{artist:tandohark}},{artist:fujiyama},year 2023,1girl, upper body, (open hand, waving, waving arms), hand, fingers, solo, looking at viewer, hair flower, best quality, amazing quality, very aesthetic, absurdres, best quality, amazing quality, very aesthetic, absurdres"
"{{artist:aono_(f_i_s)}},[[[[artist:cool-kyou_shinja]]]],{artist:mairo},[[[artist:wlop]]],{artist:rella},year 2023,1girl, upper body, (open hand, waving, waving arms), hand, fingers, solo, looking at viewer, hair flower, best quality, amazing quality, very aesthetic, absurdres, best quality, amazing quality, very aesthetic, absurdres"
"[[artist:rei(sanbonzakura)]],{{{artist:fishine}}},artist:potg(piotegu),{{{artist:chen_bin}}},year 2023,1girl, upper body, (open hand, waving, waving arms), hand, fingers, solo, looking at viewer, hair flower, best quality, amazing quality, very aesthetic, absurdres, best quality, amazing quality, very aesthetic, absurdres"
"[[[[artist:meion]]]],artist:siera_(sieracitrus),{artist:asakuraf},{artist:mvv},[[artist:liduk]],[[artist:void_0]],year 2023,1girl, upper body, (open hand, waving, waving arms), hand, fingers, solo, looking at viewer, hair flower, best quality, amazing quality, very aesthetic, absurdres, best quality, amazing quality, very aesthetic, absurdres"
"[[artist:potg(piotegu)]],[[artist:mery_(yangmalgage)]],[[[artist:shiratama_(shiratamaco)]]],[[[artist:hiten_(hitenkei)]]],[[[[artist:gawako]]]],year 2023,1girl, upper body, (open hand, waving, waving arms), hand, fingers, solo, looking at viewer, hair flower, best quality, amazing quality, very aesthetic, absurdres, best quality, amazing quality, very aesthetic, absurdres"
"{{artist:shimhaq}},artist:siera_(sieracitrus),artist:void_0,{artist:sakurazawa_izumi},[artist:ru_zhai],year 2023,1girl, upper body, (open hand, waving, waving arms), hand, fingers, solo, looking at viewer, hair flower, best quality, amazing quality, very aesthetic, absurdres, best quality, amazing quality, very aesthetic, absurdres"
"[[[artist:ruriri]]],{artist:dishwasher1910},{{artist:misaka_12003-gou}},[[[artist:tianliang_duohe_fangdongye]]],year 2023,1girl, upper body, (open hand, waving, waving arms), hand, fingers, solo, looking at viewer, hair flower, best quality, amazing quality, very aesthetic, absurdres, best quality, amazing quality, very aesthetic, absurdres"
"{{{artist:nixeu}}},{artist:liduke},{artist:onineko},{{artist:liduk}},{{{{artist:hiten_(hitenkei)}}}},year 2023,1girl, upper body, (open hand, waving, waving arms), hand, fingers, solo, looking at viewer, hair flower, best quality, amazing quality, very aesthetic, absurdres, best quality, amazing quality, very aesthetic, absurdres"
"{artist:mvv},[[artist:freng]],{artist:ebifuya},artist:nardack,[artist:shiratama_(shiratamaco)],{{artist:ririko_(fhnngririko)}},year 2023,1girl, upper body, (open hand, waving, waving arms), hand, fingers, solo, looking at viewer, hair flower, best quality, amazing quality, very aesthetic, absurdres, best quality, amazing quality, very aesthetic, absurdres"
"artist:ebifuya,[[artist:cui_(jidanhaidaitang)]],artist:misheng_liu_yin,{{{{artist:reddizen}}}},[artist:mignon],year 2023,1girl, upper body, (open hand, waving, waving arms), hand, fingers, solo, looking at viewer, hair flower, best quality, amazing quality, very aesthetic, absurdres, best quality, amazing quality, very aesthetic, absurdres"
"{artist:rella},[[artist:sho_(sho_lwlw)]],[[artist:as109]],{artist:wlop},[[artist:tandohark]],year 2023,1girl, upper body, (open hand, waving, waving arms), hand, fingers, solo, looking at viewer, hair flower, best quality, amazing quality, very aesthetic, absurdres, best quality, amazing quality, very aesthetic, absurdres"
"[artist:dk_senie],{{{{artist:ogata_tei}}}},{{{artist:mvv}}},[[[artist:hiten_(hitenkei)]]],[[[artist:onineko]]],artist:maccha_(mochancc),year 2023,1girl, upper body, (open hand, waving, waving arms), hand, fingers, solo, looking at viewer, hair flower, best quality, amazing quality, very aesthetic, absurdres, best quality, amazing quality, very aesthetic, absurdres"
"artist:fujiyama,artist:neco,[[artist:omone_hokoma_agm]],[artist:misaka_12003-gou],year 2023,1girl, upper body, (open hand, waving, waving arms), hand, fingers, solo, looking at viewer, hair flower, best quality, amazing quality, very aesthetic, absurdres, best quality, amazing quality, very aesthetic, absurdres"
"{{artist:momozu_komamochi}},artist:sencha_(senchat),{artist:omone_hokoma_agm},artist:kase_daiki,artist:reddizen,year 2023,1girl, upper body, (open hand, waving, waving arms), hand, fingers, solo, looking at viewer, hair flower, best quality, amazing quality, very aesthetic, absurdres, best quality, amazing quality, very aesthetic, absurdres"
"artist:dokuro_deluxe,{artist:momoko_(momopoco)},{{artist:onineko}},artist:poharo,[artist:fuzichoco],year 2023,1girl, upper body, (open hand, waving, waving arms), hand, fingers, solo, looking at viewer, hair flower, best quality, amazing quality, very aesthetic, absurdres, best quality, amazing quality, very aesthetic, absurdres"
"[[[artist:aak]]],{artist:rolua},{{{artist:binggong_asylum}}},[[artist:siera_(sieracitrus)]],year 2023,1girl, upper body, (open hand, waving, waving arms), hand, fingers, solo, looking at viewer, hair flower, best quality, amazing quality, very aesthetic, absurdres, best quality, amazing quality, very aesthetic, absurdres"
"[artist:cool-kyou_shinja],{artist:maccha_(mochancc)},{{artist:ask(askzy)}},{{{{artist:wlop}}}},artist:ame_usari,year 2023,1girl, upper body, (open hand, waving, waving arms), hand, fingers, solo, looking at viewer, hair flower, best quality, amazing quality, very aesthetic, absurdres, best quality, amazing quality, very aesthetic, absurdres"
"artist:misaka_12003-gou,{{artist:nekoda_(maoda)}},artist:mikozin,{artist:dk_senie},year 2023,1girl, upper body, (open hand, waving, waving arms), hand, fingers, solo, looking at viewer, hair flower, best quality, amazing quality, very aesthetic, absurdres, best quality, amazing quality, very aesthetic, absurdres"
"{artist:ningen_mame},[[artist:gawako]],artist:kousaki_rui,{artist:chiaroscuro},[artist:binggong_asylum],year 2023,1girl, upper body, (open hand, waving, waving arms), hand, fingers, solo, looking at viewer, hair flower, best quality, amazing quality, very aesthetic, absurdres, best quality, amazing quality, very aesthetic, absurdres"
"{{artist:toake_mikage}},{{{artist:ciloranko}}},[artist:torino_aqua],{{artist:shiratama_(shiratamaco)}},{artist:mandrill},artist:chiaroscuro,year 2023,1girl, upper body, (open hand, waving, waving arms), hand, fingers, solo, looking at viewer, hair flower, best quality, amazing quality, very aesthetic, absurdres, best quality, amazing quality, very aesthetic, absurdres"
"[[[artist:namie]]],[[[[artist:rei_(sanbonzakura)]]]],{{artist:anmi}},{artist:sakurazawa_izumi},[[[artist:aak]]],artist:potg(piotegu),year 2023,1girl, upper body, (open hand, waving, waving arms), hand, fingers, solo, looking at viewer, hair flower, best quality, amazing quality, very aesthetic, absurdres, best quality, amazing quality, very aesthetic, absurdres"
"[artist:konya_karasue],artist:fujiyama,artist:reddizen,[[artist:hagimorijia]],year 2023,1girl, upper body, (open hand, waving, waving arms), hand, fingers, solo, looking at viewer, hair flower, best quality, amazing quality, very aesthetic, absurdres, best quality, amazing quality, very aesthetic, absurdres"
"[artist:fishine],artist:ask(askzy),artist:v-mag,{artist:ru_zhai},{artist:anmi},[artist:mignon],year 2023,1girl, upper body, (open hand, waving, waving arms), hand, fingers, solo, looking at viewer, hair flower, best quality, amazing quality, very aesthetic, absurdres, best quality, amazing quality, very aesthetic, absurdres"
"[artist:void_0],[artist:maccha_(mochancc)],{{{artist:wlop}}},[[[artist:mikozin]]],year 2023,1girl, upper body, (open hand, waving, waving arms), hand, fingers, solo, looking at viewer, hair flower, best quality, amazing quality, very aesthetic, absurdres, best quality, amazing quality, very aesthetic, absurdres"
"[artist:misaka_12003-gou],[[artist:mandrill]],{{{artist:sho_(sho_lwlw)}}},[[artist:kedama_milkask_(askzy)]],year 2023,1girl, upper body, (open hand, waving, waving arms), hand, fingers, solo, looking at viewer, hair flower, best quality, amazing quality, very aesthetic, absurdres, best quality, amazing quality, very aesthetic, absurdres"
"artist:misaka_12003-gou,[[artist:nababa]],{artist:momoko_(momopoco)},[artist:liduke],year 2023,1girl, upper body, (open hand, waving, waving arms), hand, fingers, solo, looking at viewer, hair flower, best quality, amazing quality, very aesthetic, absurdres, best quality, amazing quality, very aesthetic, absurdres"
"artist:fujiyama,{{{artist:saru}}},{artist:nardack},[[[[artist:beni_shake]]]],[artist:huanxiang_heitu],{{artist:mikozin}},year 2023,1girl, upper body, (open hand, waving, waving arms), hand, fingers, solo, looking at viewer, hair flower, best quality, amazing quality, very aesthetic, absurdres, best quality, amazing quality, very aesthetic, absurdres"
"[[[[artist:v-mag]]]],{artist:mikozin},[[artist:momoko_(momopoco)]],{{artist:usashiro_mani}},artist:gawako,year 2023,1girl, upper body, (open hand, waving, waving arms), hand, fingers, solo, looking at viewer, hair flower, best quality, amazing quality, very aesthetic, absurdres, best quality, amazing quality, very aesthetic, absurdres"
"{{artist:void_0}},[artist:toake_mikage],{artist:aono_(f_i_s)},{{{artist:reddizen}}},{artist:colis},year 2023,1girl, upper body, (open hand, waving, waving arms), hand, fingers, solo, looking at viewer, hair flower, best quality, amazing quality, very aesthetic, absurdres, best quality, amazing quality, very aesthetic, absurdres"
"{artist:reddizen},{{artist:kidmo}},[artist:cui_(jidanhaidaitang)],{artist:shiratama_(shiratamaco)},{{artist:rolua}},year 2023,1girl, upper body, (open hand, waving, waving arms), hand, fingers, solo, looking at viewer, hair flower, best quality, amazing quality, very aesthetic, absurdres, best quality, amazing quality, very aesthetic, absurdres"
"[[[[artist:reddizen]]]],[[artist:hiten_(hitenkei)]],[artist:cui_(jidanhaidaitang)],{{{artist:beni_shake}}},[[artist:meion]],artist:houkisei,year 2023,1girl, upper body, (open hand, waving, waving arms), hand, fingers, solo, looking at viewer, hair flower, best quality, amazing quality, very aesthetic, absurdres, best quality, amazing quality, very aesthetic, absurdres"
"[artist:nekoda_(maoda)],artist:momoko_(momopoco),artist:shiro9jira,{{{artist:hiten_(hitenkei)}}},{{{{artist:}}}},year 2023,1girl, upper body, (open hand, waving, waving arms), hand, fingers, solo, looking at viewer, hair flower, best quality, amazing quality, very aesthetic, absurdres, best quality, amazing quality, very aesthetic, absurdres"
"[artist:tandohark],{{artist:v-mag}},artist:siera_(sieracitrus),{{artist:reddizen}},{{{artist:mery_(yangmalgage)}}},year 2023,1girl, upper body, (open hand, waving, waving arms), hand, fingers, solo, looking at viewer, hair flower, best quality, amazing quality, very aesthetic, absurdres, best quality, amazing quality, very aesthetic, absurdres"
"artist:houkisei,[[artist:atdan]],[[artist:asakuraf]],{{{artist:kedama_milk}}},{{artist:shiratama_(shiratamaco)}},year 2023,1girl, upper body, (open hand, waving, waving arms), hand, fingers, solo, looking at viewer, hair flower, best quality, amazing quality, very aesthetic, absurdres, best quality, amazing quality, very aesthetic, absurdres"
"[artist:rella],[artist:gomzi],{{artist:momozu_komamochi}},[[artist:liduk]],{{artist:potg(piotegu)}},year 2023,1girl, upper body, (open hand, waving, waving arms), hand, fingers, solo, looking at viewer, hair flower, best quality, amazing quality, very aesthetic, absurdres, best quality, amazing quality, very aesthetic, absurdres"
"[[artist:chiaroscuro]],{{{artist:nardack}}},{{artist:konya_karasue}},{artist:potg(piotegu)},{{{{artist:ningen_mame}}}},year 2023,1girl, upper body, (open hand, waving, waving arms), hand, fingers, solo, looking at viewer, hair flower, best quality, amazing quality, very aesthetic, absurdres, best quality, amazing quality, very aesthetic, absurdres"
"[[[[artist:cool-kyou_shinja]]]],artist:reddizen,[artist:rei(sanbonzakura)],[artist:muloli],{{artist:shiratama_(shiratamaco)}},artist:,year 2023,1girl, upper body, (open hand, waving, waving arms), hand, fingers, solo, looking at viewer, hair flower, best quality, amazing quality, very aesthetic, absurdres, best quality, amazing quality, very aesthetic, absurdres"
"{{{artist:sencha_(senchat)}}},[[artist:kedama_milkask_(askzy)]],artist:tab_head,{artist:rella},year 2023,1girl, upper body, (open hand, waving, waving arms), hand, fingers, solo, looking at viewer, hair flower, best quality, amazing quality, very aesthetic, absurdres, best quality, amazing quality, very aesthetic, absurdres"
"{{{artist:poharo}}},[artist:ruriri],[[[artist:shimhaq]]],[[artist:omone_hokoma_agm]],year 2023,1girl, upper body, (open hand, waving, waving arms), hand, fingers, solo, looking at viewer, hair flower, best quality, amazing quality, very aesthetic, absurdres, best quality, amazing quality, very aesthetic, absurdres"
"[artist:nardack],artist:wanke,{artist:mikozin},artist:dk_senie,year 2023,1girl, upper body, (open hand, waving, waving arms), hand, fingers, solo, looking at viewer, hair flower, best quality, amazing quality, very aesthetic, absurdres, best quality, amazing quality, very aesthetic, absurdres"
"[artist:anmi],[[artist:muloli]],[[artist:kase_daiki]],[artist:colis],artist:kawacy,[[artist:ru_zhai]],year 2023,1girl, upper body, (open hand, waving, waving arms), hand, fingers, solo, looking at viewer, hair flower, best quality, amazing quality, very aesthetic, absurdres, best quality, amazing quality, very aesthetic, absurdres"
"artist:kousaki_rui,{artist:berryverrine},[[artist:asakuraf]],[artist:wlop],year 2023,1girl, upper body, (open hand, waving, waving arms), hand, fingers, solo, looking at viewer, hair flower, best quality, amazing quality, very aesthetic, absurdres, best quality, amazing quality, very aesthetic, absurdres"
"{artist:binggong_asylum},artist:ningen_mame,{{artist:nekoda_(maoda)}},[artist:rei(sanbonzakura)],artist:v-mag,year 2023,1girl, upper body, (open hand, waving, waving arms), hand, fingers, solo, looking at viewer, hair flower, best quality, amazing quality, very aesthetic, absurdres, best quality, amazing quality, very aesthetic, absurdres"
"[[artist:fujiyama]],{{{artist:mairo}}},artist:tandohark,artist:siera_(sieracitrus),[artist:kedama_milkask_(askzy)],year 2023,1girl, upper body, (open hand, waving, waving arms), hand, fingers, solo, looking at viewer, hair flower, best quality, amazing quality, very aesthetic, absurdres, best quality, amazing quality, very aesthetic, absurdres"
"{{{{artist:binggong_asylum}}}},{artist:void_0},[[artist:wlop]],[artist:hiten_(hitenkei)],{{artist:momoko_(momopoco)}},[[artist:namie]],year 2023,1girl, upper body, (open hand, waving, waving arms), hand, fingers, solo, looking at viewer, hair flower, best quality, amazing quality, very aesthetic, absurdres, best quality, amazing quality, very aesthetic, absurdres"
"artist:siera_(sieracitrus),{artist:nixeu},{{{{artist:binggong_asylum}}}},{{{artist:mandrill}}},year 2023,1girl, upper body, (open hand, waving, waving arms), hand, fingers, solo, looking at viewer, hair flower, best quality, amazing quality, very aesthetic, absurdres, best quality, amazing quality, very aesthetic, absurdres"
"artist:ruriri,{artist:meito_(maze)},artist:reddizen,[[artist:dokuro_deluxe]],year 2023,1girl, upper body, (open hand, waving, waving arms), hand, fingers, solo, looking at viewer, hair flower, best quality, amazing quality, very aesthetic, absurdres, best quality, amazing quality, very aesthetic, absurdres"
"{artist:huanxiang_heitu},artist:kedama_milk,[artist:freng],artist:noyu_(noyu23386566),[[[[artist:mafuyu]]]],{artist:omone_hokoma_agm},year 2023,1girl, upper body, (open hand, waving, waving arms), hand, fingers, solo, looking at viewer, hair flower, best quality, amazing quality, very aesthetic, absurdres, best quality, amazing quality, very aesthetic, absurdres"
"{{artist:gawako}},[[artist:olchas]],{artist:houkisei},[artist:shiratama_(shiratamaco)],year 2023,1girl, upper body, (open hand, waving, waving arms), hand, fingers, solo, looking at viewer, hair flower, best quality, amazing quality, very aesthetic, absurdres, best quality, amazing quality, very aesthetic, absurdres"
"[artist:koyama_hirokazu],[artist:aono_(f_i_s)],[artist:maccha_(mochancc)],artist:potg(piotegu),year 2023,1girl, upper body, (open hand, waving, waving arms), hand, fingers, solo, looking at viewer, hair flower, best quality, amazing quality, very aesthetic, absurdres, best quality, amazing quality, very aesthetic, absurdres"
"artist:tekito_midori,artist:beni_shake,{{artist:maccha_(mochancc)}},[[artist:kousaki_rui]],[artist:rolua],year 2023,1girl, upper body, (open hand, waving, waving arms), hand, fingers, solo, looking at viewer, hair flower, best quality, amazing quality, very aesthetic, absurdres, best quality, amazing quality, very aesthetic, absurdres"
"{artist:hiten},[artist:wlop],{{{artist:binggong_asylum}}},[[artist:sho_(sho_lwlw)]],[[[artist:kousaki_rui]]],year 2023,1girl, upper body, (open hand, waving, waving arms), hand, fingers, solo, looking at viewer, hair flower, best quality, amazing quality, very aesthetic, absurdres, best quality, amazing quality, very aesthetic, absurdres"
"{{artist:mvv}},artist:wlop,[[artist:shiratama_(shiratamaco)]],{artist:kedama_milk},[[[artist:liduk]]],artist:shimhaq,year 2023,1girl, upper body, (open hand, waving, waving arms), hand, fingers, solo, looking at viewer, hair flower, best quality, amazing quality, very aesthetic, absurdres, best quality, amazing quality, very aesthetic, absurdres"
"{artist:kidmo},artist:fuzichocomomoco,[[artist:mery_(yangmalgage)]],[[artist:tidsean]],{{{artist:mairo}}},year 2023,1girl, upper body, (open hand, waving, waving arms), hand, fingers, solo, looking at viewer, hair flower, best quality, amazing quality, very aesthetic, absurdres, best quality, amazing quality, very aesthetic, absurdres"
"artist:cool-kyou_shinja,artist:konya_karasue,[[artist:gawako]],[[artist:tidsean]],[artist:mecha],{{artist:v-mag}},year 2023,1girl, upper body, (open hand, waving, waving arms), hand, fingers, solo, looking at viewer, hair flower, best quality, amazing quality, very aesthetic, absurdres, best quality, amazing quality, very aesthetic, absurdres"
"{{{artist:}}},{{artist:maccha_(mochancc)}},artist:nixeu,{{{{artist:ogata_tei}}}},year 2023,1girl, upper body, (open hand, waving, waving arms), hand, fingers, solo, looking at viewer, hair flower, best quality, amazing quality, very aesthetic, absurdres, best quality, amazing quality, very aesthetic, absurdres"
"{artist:olchas},{{artist:atdan}},{{artist:dokuro_deluxe}},[artist:saru],[[artist:misheng_liu_yin]],[[artist:misaka_12003-gou]],year 2023,1girl, upper body, (open hand, waving, waving arms), hand, fingers, solo, looking at viewer, hair flower, best quality, amazing quality, very aesthetic, absurdres, best quality, amazing quality, very aesthetic, absurdres"
"artist:freng,[[artist:mecha]],{artist:poharo},{{{{artist:reoen}}}},{{artist:berryverrine}},year 2023,1girl, upper body, (open hand, waving, waving arms), hand, fingers, solo, looking at viewer, hair flower, best quality, amazing quality, very aesthetic, absurdres, best quality, amazing quality, very aesthetic, absurdres"
"[artist:shimhaq],[artist:fuzichocomomoco],[[artist:dk_senie]],{{{artist:kawacy}}},year 2023,1girl, upper body, (open hand, waving, waving arms), hand, fingers, solo, looking at viewer, hair flower, best quality, amazing quality, very aesthetic, absurdres, best quality, amazing quality, very aesthetic, absurdres"
"{{artist:cui_(jidanhaidaitang)}},{{artist:maccha_(mochancc)}},{{{{artist:misaka_12003-gou}}}},artist:meito_(maze),year 2023,1girl, upper body, (open hand, waving, waving arms), hand, fingers, solo, looking at viewer, hair flower, best quality, amazing quality, very aesthetic, absurdres, best quality, amazing quality, very aesthetic, absurdres"
"[artist:mandrill],{artist:houkisei},{{{artist:reoen}}},artist:momozu_komamochi,year 2023,1girl, upper body, (open hand, waving, waving arms), hand, fingers, solo, looking at viewer, hair flower, best quality, amazing quality, very aesthetic, absurdres, best quality, amazing quality, very aesthetic, absurdres"
"{{{artist:ruriri}}},[[[[artist:meito_(maze)]]]],artist:hiten_(hitenkei),{{{artist:kurot}}},artist:hiten,artist:ask(askzy),year 2023,1girl, upper body, (open hand, waving, waving arms), hand, fingers, solo, looking at viewer, hair flower, best quality, amazing quality, very aesthetic, absurdres, best quality, amazing quality, very aesthetic, absurdres"
"artist:nababa,{artist:atdan},{{artist:torino_aqua}},[artist:misheng_liu_yin],[[artist:kawacy]],year 2023,1girl, upper body, (open hand, waving, waving arms), hand, fingers, solo, looking at viewer, hair flower, best quality, amazing quality, very aesthetic, absurdres, best quality, amazing quality, very aesthetic, absurdres"